timestamp,questions,qps,com_commit,com_rollback,tps,threads_running,threads_connected
2026-04-04 11:47:48,86,0,0,0,0,2,1
2026-04-04 11:47:49,137,51,13,0,13,3,3
2026-04-04 11:47:50,940,803,279,1,267,5,5
2026-04-04 11:47:52,2682,1742,874,4,598,7,8
2026-04-04 11:47:53,5557,2875,1875,6,1003,8,9
2026-04-04 11:47:54,9720,4163,3322,9,1450,10,12
2026-04-04 11:47:55,15664,5944,5381,19,2069,14,14
2026-04-04 11:47:56,23009,7345,7908,31,2539,16,16
2026-04-04 11:47:57,31196,8187,10744,42,2847,15,18
2026-04-04 11:47:58,40888,9692,14106,60,3380,20,20
2026-04-04 11:47:59,52041,11153,17979,73,3886,22,22
2026-04-04 11:48:00,65201,13160,22538,89,4575,23,24
2026-04-04 11:48:01,78995,13794,27320,112,4805,26,26
2026-04-04 11:48:02,94270,15275,32611,130,5309,28,29
2026-04-04 11:48:03,111190,16920,38456,146,5861,30,31
2026-04-04 11:48:04,128598,17408,44498,171,6067,33,33
2026-04-04 11:48:05,147377,18779,51031,193,6555,35,35
2026-04-04 11:48:07,168059,20682,58182,218,7176,37,37
2026-04-04 11:48:08,188458,20399,65269,252,7121,38,40
2026-04-04 11:48:09,210827,22369,73011,295,7785,38,41
2026-04-04 11:48:10,233304,22477,80801,332,7827,42,44
2026-04-04 11:48:11,257183,23879,89109,369,8345,43,46
2026-04-04 11:48:12,282522,25339,97865,409,8796,45,48
2026-04-04 11:48:13,308590,26068,106929,445,9100,45,50
2026-04-04 11:48:14,336738,28148,116693,485,9804,52,52
2026-04-04 11:48:15,365673,28935,126713,522,10057,53,54
2026-04-04 11:48:16,394967,29294,136885,566,10216,56,57
2026-04-04 11:48:17,426075,31108,147672,600,10821,56,59
2026-04-04 11:48:18,458311,32236,158842,666,11236,59,61
2026-04-04 11:48:19,490666,32355,170046,705,11243,61,63
2026-04-04 11:48:21,524218,33552,181653,768,11670,65,65
2026-04-04 11:48:22,558639,34421,193600,820,11999,65,66
2026-04-04 11:48:23,593561,34922,205728,876,12184,63,66
2026-04-04 11:48:24,627893,34332,217642,930,11968,65,66
2026-04-04 11:48:25,664634,36741,230377,988,12793,58,66
2026-04-04 11:48:26,702095,37461,243367,1056,13058,63,66
2026-04-04 11:48:27,741294,39199,256943,1106,13626,65,66
2026-04-04 11:48:28,780605,39311,270584,1163,13698,63,66
2026-04-04 11:48:29,820060,39455,284273,1219,13745,62,66
2026-04-04 11:48:30,858947,38887,297780,1274,13562,63,66
2026-04-04 11:48:31,898450,39503,311473,1343,13762,61,66
2026-04-04 11:48:33,938294,39844,325287,1399,13870,64,66
2026-04-04 11:48:34,978056,39762,339060,1466,13840,63,67
2026-04-04 11:48:35,1017103,39047,352627,1534,13635,60,66
2026-04-04 11:48:36,1055936,38833,366130,1602,13571,66,66
2026-04-04 11:48:37,1093544,37608,379188,1651,13107,66,66
2026-04-04 11:48:38,1125190,31646,390193,1686,11040,66,66
2026-04-04 11:48:39,1160603,35413,402438,1730,12289,64,66
2026-04-04 11:48:40,1197760,37157,415334,1784,12950,60,66
2026-04-04 11:48:41,1234385,36625,428046,1837,12765,58,66
2026-04-04 11:48:42,1270286,35901,440506,1895,12518,57,66
2026-04-04 11:48:43,1306140,35854,452955,1949,12503,64,66
2026-04-04 11:48:44,1343103,36963,465763,2006,12865,63,66
2026-04-04 11:48:46,1380259,37156,478619,2074,12924,66,67
2026-04-04 11:48:47,1418077,37818,491692,2141,13140,64,66
2026-04-04 11:48:48,1456273,38196,504919,2205,13291,63,66
2026-04-04 11:48:49,1488801,32528,516257,2252,11385,66,66
2026-04-04 11:48:50,1522286,33485,527862,2304,11657,66,66
2026-04-04 11:48:51,1555868,33582,539502,2355,11691,64,66
2026-04-04 11:48:52,1593668,37800,552604,2401,13148,65,66
2026-04-04 11:48:53,1630882,37214,565520,2447,12962,63,66
2026-04-04 11:48:54,1668829,37947,578678,2495,13206,65,66
2026-04-04 11:48:55,1707048,38219,591948,2545,13320,62,66
2026-04-04 11:48:56,1746071,39023,605475,2606,13588,65,66
2026-04-04 11:48:58,1785310,39239,619073,2652,13644,65,67
2026-04-04 11:48:59,1825568,40258,633003,2722,14000,65,66
2026-04-04 11:49:00,1864303,38735,646455,2779,13509,62,66
2026-04-04 11:49:01,1903677,39374,660140,2843,13749,66,66
2026-04-04 11:49:02,1940413,36736,672896,2905,12818,66,66
2026-04-04 11:49:03,1977664,37251,685773,2961,12933,66,66
2026-04-04 11:49:04,2017603,39939,699621,3023,13910,64,66
2026-04-04 11:49:05,2057753,40150,713605,3074,14035,62,66
2026-04-04 11:49:06,2097170,39417,727312,3139,13772,59,66
2026-04-04 11:49:07,2133745,36575,739999,3194,12742,66,66
2026-04-04 11:49:08,2170553,36808,752776,3251,12834,65,66
2026-04-04 11:49:09,2207940,37387,765737,3303,13013,62,66
2026-04-04 11:49:11,2244359,36419,778382,3355,12697,61,66
2026-04-04 11:49:12,2280431,36072,790947,3407,12617,59,66
2026-04-04 11:49:13,2316356,35925,803428,3465,12539,63,66
2026-04-04 11:49:14,2350574,34218,815320,3517,11944,66,66
2026-04-04 11:49:15,2383497,32923,826750,3569,11482,66,66
2026-04-04 11:49:16,2418167,34670,838760,3621,12062,66,66
2026-04-04 11:49:17,2455902,37735,851808,3696,13123,64,66
2026-04-04 11:49:18,2495761,39859,865594,3767,13857,62,66
2026-04-04 11:49:19,2535729,39968,879435,3834,13908,57,66
2026-04-04 11:49:20,2575477,39748,893202,3902,13835,59,66
2026-04-04 11:49:21,2614130,38653,906626,3968,13490,59,66
2026-04-04 11:49:23,2653834,39704,920404,4025,13835,63,66
2026-04-04 11:49:24,2694188,40354,934392,4092,14055,63,67
2026-04-04 11:49:25,2734957,40769,948488,4153,14157,65,66
2026-04-04 11:49:26,2774487,39530,962190,4224,13773,63,66
2026-04-04 11:49:27,2809469,34982,974404,4268,12258,66,66
2026-04-04 11:49:28,2845155,35686,986761,4333,12422,66,66
2026-04-04 11:49:29,2881901,36746,999427,4390,12723,60,66
2026-04-04 11:49:30,2921961,40060,1013328,4436,13947,62,66
2026-04-04 11:49:31,2962083,40122,1027270,4501,14007,62,66
2026-04-04 11:49:32,3002831,40748,1041362,4579,14170,59,66
2026-04-04 11:49:33,3042536,39705,1055119,4644,13822,64,66
2026-04-04 11:49:34,3081732,39196,1068725,4703,13665,59,66
2026-04-04 11:49:36,3120722,38990,1082284,4769,13625,60,67
2026-04-04 11:49:37,3160491,39769,1096105,4829,13881,59,66
2026-04-04 11:49:38,3199483,38992,1109577,4887,13530,58,66
2026-04-04 11:49:39,3234805,35322,1121872,4934,12342,66,66
2026-04-04 11:49:40,3269074,34269,1133765,4984,11943,66,66
2026-04-04 11:49:41,3302996,33922,1145517,5040,11808,66,66
2026-04-04 11:49:42,3339642,36646,1158137,5092,12672,65,66
2026-04-04 11:49:43,3379866,40224,1172069,5149,13989,61,66
2026-04-04 11:49:44,3419044,39178,1185678,5204,13664,63,66
2026-04-04 11:49:45,3458104,39060,1199230,5261,13609,61,66
2026-04-04 11:49:46,3497729,39625,1212951,5317,13777,61,66
2026-04-04 11:49:47,3537075,39346,1226633,5373,13738,56,66
2026-04-04 11:49:49,3577322,40247,1240566,5432,13992,60,66
2026-04-04 11:49:50,3616783,39461,1254250,5495,13747,59,66
2026-04-04 11:49:51,3656038,39255,1267898,5552,13705,64,66
2026-04-04 11:49:52,3691834,35796,1280339,5608,12497,66,66
2026-04-04 11:49:53,3727115,35281,1292550,5658,12261,65,66
2026-04-04 11:49:54,3763477,36362,1305114,5710,12616,66,66
2026-04-04 11:49:55,3803327,39850,1318895,5770,13841,65,66
2026-04-04 11:49:56,3843408,40081,1332789,5821,13945,59,66
2026-04-04 11:49:57,3883725,40317,1346751,5883,14024,66,66
2026-04-04 11:49:58,3923375,39650,1360516,5940,13822,65,66
2026-04-04 11:49:59,3964624,41249,1374816,5988,14348,60,66
2026-04-04 11:50:01,4006196,41572,1389224,6040,14460,64,66
2026-04-04 11:50:02,4046948,40752,1403372,6097,14205,57,67
2026-04-04 11:50:03,4087737,40789,1417527,6155,14213,59,66
2026-04-04 11:50:04,4126426,38689,1430988,6225,13531,66,66
2026-04-04 11:50:05,4162373,35947,1443481,6284,12552,66,66
2026-04-04 11:50:06,4198562,36189,1456050,6329,12614,66,66
2026-04-04 11:50:07,4236087,37525,1469034,6395,13050,66,66
2026-04-04 11:50:08,4275613,39526,1482708,6454,13733,62,66
2026-04-04 11:50:09,4315871,40258,1496658,6523,14019,59,66
2026-04-04 11:50:10,4354983,39112,1510211,6590,13620,65,66
2026-04-04 11:50:11,4395509,40526,1524259,6670,14128,58,66
2026-04-04 11:50:12,4435974,40465,1538286,6743,14100,58,66
2026-04-04 11:50:14,4477583,41609,1552687,6816,14474,56,67
2026-04-04 11:50:15,4518824,41241,1566956,6884,14337,62,66
2026-04-04 11:50:16,4557737,38913,1580423,6942,13525,65,66
2026-04-04 11:50:17,4595815,38078,1593676,6996,13307,66,66
2026-04-04 11:50:18,4630664,34849,1605770,7045,12143,66,66
2026-04-04 11:50:19,4666534,35870,1618192,7110,12487,66,66
2026-04-04 11:50:20,4704805,38271,1631406,7167,13271,64,66
2026-04-04 11:50:21,4744578,39773,1645219,7232,13878,63,66
2026-04-04 11:50:22,4784648,40070,1659111,7301,13961,64,66
2026-04-04 11:50:23,4825820,41172,1673409,7356,14353,66,66
2026-04-04 11:50:24,4866219,40399,1687422,7422,14079,55,66
2026-04-04 11:50:26,4907026,40807,1701582,7483,14221,65,67
2026-04-04 11:50:27,4947859,40833,1715744,7554,14233,64,66
2026-04-04 11:50:28,4987558,39699,1729497,7632,13831,64,66
2026-04-04 11:50:29,5027975,40417,1743534,7694,14099,65,66
2026-04-04 11:50:30,5064259,36284,1756143,7753,12668,66,66
2026-04-04 11:50:31,5101468,37209,1769060,7814,12978,66,66
2026-04-04 11:50:32,5137802,36334,1781691,7877,12694,66,66
2026-04-04 11:50:33,5179046,41244,1795965,7933,14330,62,66
2026-04-04 11:50:34,5219870,40824,1810152,7982,14236,61,66
2026-04-04 11:50:35,5260161,40291,1824142,8046,14054,62,66
2026-04-04 11:50:36,5301095,40934,1838354,8108,14274,62,66
2026-04-04 11:50:37,5341203,40108,1852274,8178,13990,64,66
2026-04-04 11:50:39,5380844,39641,1866025,8227,13800,62,66
2026-04-04 11:50:40,5418409,37565,1879054,8288,13090,62,67
2026-04-04 11:50:41,5456577,38168,1892329,8350,13337,62,66
2026-04-04 11:50:42,5494193,37616,1905383,8402,13106,62,66
2026-04-04 11:50:43,5528989,34796,1917503,8464,12182,66,66
2026-04-04 11:50:44,5564823,35834,1929928,8519,12480,49,66
2026-04-04 11:50:45,5600924,36101,1942436,8575,12564,65,66
2026-04-04 11:50:46,5639540,38616,1955768,8642,13399,62,66
2026-04-04 11:50:47,5679985,40445,1969761,8708,14059,65,66
2026-04-04 11:50:48,5720403,40418,1983783,8766,14080,65,66
2026-04-04 11:50:49,5760260,39857,1997620,8843,13914,58,66
2026-04-04 11:50:50,5800309,40049,2011510,8921,13968,60,66
2026-04-04 11:50:52,5840215,39906,2025312,8993,13874,65,67
2026-04-04 11:50:53,5879968,39753,2039108,9052,13855,66,66
2026-04-04 11:50:54,5920117,40149,2053032,9116,13988,59,66
2026-04-04 11:50:55,5958995,38878,2066501,9175,13528,64,66
2026-04-04 11:50:56,5995951,36956,2079349,9227,12900,66,66
2026-04-04 11:50:57,6032474,36523,2092015,9293,12732,66,66
2026-04-04 11:50:58,6069704,37230,2104893,9350,12935,66,66
2026-04-04 11:50:59,6110894,41190,2119136,9407,14300,60,66
2026-04-04 11:51:00,6151206,40312,2133144,9461,14062,66,66
2026-04-04 11:51:01,6192411,41205,2147455,9520,14370,64,66
2026-04-04 11:51:02,6233859,41448,2161813,9586,14424,61,66
2026-04-04 11:51:03,6275044,41185,2176069,9657,14327,64,66
2026-04-04 11:51:05,6317146,42102,2190656,9720,14650,54,66
2026-04-04 11:51:06,6358143,40997,2204848,9788,14260,62,66
2026-04-04 11:51:07,6399931,41788,2219338,9841,14543,60,66
2026-04-04 11:51:08,6438547,38616,2232793,9899,13513,66,66
2026-04-04 11:51:09,6476123,37576,2245847,9953,13108,66,66
2026-04-04 11:51:10,6513326,37203,2258784,9994,12978,66,66
2026-04-04 11:51:11,6554236,40910,2272905,10072,14199,64,66
2026-04-04 11:51:12,6595122,40886,2287114,10138,14275,62,66
2026-04-04 11:51:13,6636867,41745,2301572,10203,14523,58,66
2026-04-04 11:51:14,6679275,42408,2316263,10283,14771,62,66
2026-04-04 11:51:15,6721580,42305,2330895,10348,14697,64,66
2026-04-04 11:51:17,6762476,40896,2345095,10397,14249,64,66
2026-04-04 11:51:18,6803172,40696,2359216,10465,14189,64,67
2026-04-04 11:51:19,6844863,41691,2373671,10518,14508,60,66
2026-04-04 11:51:20,6885543,40680,2387809,10589,14209,66,66
2026-04-04 11:51:21,6923045,37502,2400824,10642,13068,66,66
2026-04-04 11:51:22,6960587,37542,2413843,10695,13072,67,66
2026-04-04 11:51:23,7000445,39858,2427633,10752,13847,62,66
2026-04-04 11:51:24,7041507,41062,2441873,10818,14306,59,66
2026-04-04 11:51:25,7083055,41548,2456281,10871,14461,64,66
2026-04-04 11:51:26,7125060,42005,2470828,10934,14610,59,66
2026-04-04 11:51:27,7166596,41536,2485270,11001,14509,65,66
2026-04-04 11:51:28,7207801,41205,2499573,11059,14361,62,66
2026-04-04 11:51:30,7249049,41248,2513869,11125,14362,62,67
2026-04-04 11:51:31,7290911,41862,2528360,11193,14559,61,66
2026-04-04 11:51:32,7331721,40810,2542498,11255,14200,62,66
2026-04-04 11:51:33,7370982,39261,2556145,11319,13711,66,66
2026-04-04 11:51:34,7407742,36760,2568870,11377,12783,66,66
2026-04-04 11:51:35,7445308,37566,2581887,11434,13074,66,66
2026-04-04 11:51:36,7485975,40667,2595998,11488,14165,59,66
2026-04-04 11:51:37,7527404,41429,2610377,11563,14454,63,66
2026-04-04 11:51:38,7568833,41429,2624752,11626,14438,57,66
2026-04-04 11:51:39,7611526,42693,2639561,11707,14890,62,66
2026-04-04 11:51:40,7653731,42205,2654197,11767,14696,62,66
2026-04-04 11:51:42,7696157,42426,2668915,11828,14779,57,66
2026-04-04 11:51:43,7738293,42136,2683538,11892,14687,63,66
2026-04-04 11:51:44,7780502,42209,2698176,11948,14694,64,66
2026-04-04 11:51:45,7821218,40716,2712340,12011,14227,66,66
2026-04-04 11:51:46,7859731,38513,2725678,12078,13405,66,66
2026-04-04 11:51:47,7898010,38279,2738950,12129,13323,66,66
2026-04-04 11:51:48,7938890,40880,2753105,12193,14219,66,66
2026-04-04 11:51:49,7981280,42390,2767774,12264,14740,62,66
2026-04-04 11:51:50,8023255,41975,2782326,12316,14604,64,66
2026-04-04 11:51:51,8064933,41678,2796807,12382,14547,64,66
2026-04-04 11:51:52,8106860,41927,2811360,12444,14615,66,66
2026-04-04 11:51:53,8149053,42193,2825981,12526,14703,64,66
2026-04-04 11:51:55,8192225,43172,2840915,12605,15013,53,66
2026-04-04 11:51:56,8234809,42584,2855679,12663,14822,64,66
2026-04-04 11:51:57,8277031,42222,2870347,12723,14728,59,66
2026-04-04 11:51:58,8316387,39356,2884030,12785,13745,66,66
2026-04-04 11:51:59,8353947,37560,2897064,12827,13076,66,66
2026-04-04 11:52:00,8393426,39479,2910659,12890,13658,60,66
2026-04-04 11:52:01,8434786,41360,2925036,12942,14429,62,66
2026-04-04 11:52:02,8476564,41778,2939536,12996,14554,64,66
2026-04-04 11:52:03,8518590,42026,2954116,13055,14639,64,66
2026-04-04 11:52:04,8561342,42752,2968934,13117,14880,60,66
2026-04-04 11:52:05,8603558,42216,2983585,13182,14716,56,66
2026-04-04 11:52:07,8645762,42204,2998189,13259,14681,62,66
2026-04-04 11:52:08,8687456,41694,3012635,13325,14512,61,67
2026-04-04 11:52:09,8729887,42431,3027321,13402,14763,65,66
2026-04-04 11:52:10,8771125,41238,3041681,13468,14426,66,66
2026-04-04 11:52:11,8809170,38045,3054901,13524,13276,66,66
2026-04-04 11:52:12,8847394,38224,3068152,13577,13304,66,66
2026-04-04 11:52:13,8887786,40392,3082155,13623,14049,66,66
2026-04-04 11:52:14,8930384,42598,3096933,13673,14828,62,66
2026-04-04 11:52:15,8970350,39966,3110815,13726,13935,62,66
2026-04-04 11:52:16,9012020,41670,3125266,13795,14520,61,66
2026-04-04 11:52:17,9054078,42058,3139843,13859,14641,58,66
2026-04-04 11:52:19,9095831,41753,3154320,13918,14536,63,66
2026-04-04 11:52:20,9137805,41974,3168884,13985,14631,66,67
2026-04-04 11:52:21,9179209,41404,3183250,14049,14430,62,66
2026-04-04 11:52:22,9220644,41435,3197624,14099,14424,64,66
2026-04-04 11:52:23,9258087,37443,3210671,14153,13101,66,66
2026-04-04 11:52:24,9295593,37506,3223664,14207,13047,65,66
2026-04-04 11:52:25,9333708,38115,3236870,14271,13270,63,66
2026-04-04 11:52:26,9374971,41263,3251192,14335,14386,61,66
2026-04-04 11:52:27,9416170,41199,3265458,14416,14347,63,66
2026-04-04 11:52:28,9457997,41827,3279963,14482,14571,58,66
2026-04-04 11:52:29,9498601,40604,3294071,14548,14174,65,66
2026-04-04 11:52:30,9537491,38890,3307594,14594,13569,64,66
2026-04-04 11:52:32,9577809,40318,3321607,14648,14067,65,67
2026-04-04 11:52:33,9619373,41564,3335999,14716,14460,54,66
2026-04-04 11:52:34,9661125,41752,3350444,14789,14518,63,66
2026-04-04 11:52:35,9701889,40764,3364657,14852,14276,66,66
2026-04-04 11:52:36,9739602,37713,3377720,14920,13131,66,66
2026-04-04 11:52:37,9776919,37317,3390670,14976,13006,66,66
2026-04-04 11:52:38,9816103,39184,3404248,15028,13630,66,66
2026-04-04 11:52:39,9858641,42538,3418994,15090,14808,64,66
2026-04-04 11:52:40,9900741,42100,3433619,15152,14687,60,66
2026-04-04 11:52:41,9942406,41665,3448093,15222,14544,58,66
2026-04-04 11:52:42,9984331,41925,3462644,15277,14606,64,66
2026-04-04 11:52:43,10026460,42129,3477276,15330,14685,59,66
2026-04-04 11:52:45,10067059,40599,3491338,15376,14108,62,66
2026-04-04 11:52:46,10109079,42020,3505904,15434,14624,64,66
2026-04-04 11:52:47,10151280,42201,3520538,15504,14704,66,66
2026-04-04 11:52:48,10190004,38724,3534009,15574,13541,65,66
2026-04-04 11:52:49,10228234,38230,3547294,15637,13348,66,66
2026-04-04 11:52:50,10267005,38771,3560736,15699,13504,66,66
2026-04-04 11:52:51,10309280,42275,3575329,15777,14671,61,66
2026-04-04 11:52:52,10351869,42589,3590113,15835,14842,64,66
2026-04-04 11:52:53,10394312,42443,3604814,15911,14777,61,66
2026-04-04 11:52:54,10437140,42828,3619665,15974,14914,65,66
2026-04-04 11:52:55,10479649,42509,3634376,16039,14776,57,66
2026-04-04 11:52:57,10522334,42685,3649181,16104,14870,62,66
2026-04-04 11:52:58,10563972,41638,3663605,16183,14503,54,67
2026-04-04 11:52:59,10606195,42223,3678263,16252,14727,65,66
2026-04-04 11:53:00,10645783,39588,3692038,16307,13830,66,66
2026-04-04 11:53:01,10683711,37928,3705189,16368,13212,66,66
2026-04-04 11:53:02,10721945,38234,3718432,16429,13304,66,66
2026-04-04 11:53:03,10763723,41778,3732895,16492,14526,60,66
2026-04-04 11:53:04,10806195,42472,3747642,16567,14822,52,66
2026-04-04 11:53:05,10848207,42012,3762212,16631,14634,63,66
2026-04-04 11:53:06,10890061,41854,3776722,16703,14582,62,66
2026-04-04 11:53:07,10932958,42897,3791583,16764,14922,57,66
2026-04-04 11:53:09,10975256,42298,3806257,16829,14739,65,66
2026-04-04 11:53:10,11018043,42787,3821074,16914,14902,61,67
2026-04-04 11:53:11,11060039,41996,3835658,16990,14660,58,66
2026-04-04 11:53:12,11101887,41848,3850228,17047,14627,66,66
2026-04-04 11:53:13,11139258,37371,3863195,17098,13018,66,66
2026-04-04 11:53:14,11177373,38115,3876410,17160,13277,66,66
2026-04-04 11:53:15,11217275,39902,3890209,17216,13855,65,66
2026-04-04 11:53:16,11260072,42797,3905082,17271,14928,62,66
2026-04-04 11:53:17,11303111,43039,3920035,17329,15011,66,66
2026-04-04 11:53:18,11346186,43075,3934973,17403,15012,64,66
2026-04-04 11:53:19,11388939,42753,3949826,17469,14919,65,66
2026-04-04 11:53:20,11431443,42504,3964581,17529,14815,64,66
2026-04-04 11:53:22,11473442,41999,3979153,17596,14639,59,67
2026-04-04 11:53:23,11517164,43722,3994286,17674,15211,61,66
2026-04-04 11:53:24,11560218,43054,4009202,17744,14986,65,66
2026-04-04 11:53:25,11599975,39757,4023038,17803,13895,66,66
2026-04-04 11:53:26,11640087,40112,4036912,17868,13939,66,66
2026-04-04 11:53:27,11680237,40150,4050795,17939,13954,63,66
2026-04-04 11:53:28,11724301,44064,4066067,17995,15328,62,66
2026-04-04 11:53:29,11765508,41207,4080420,18043,14401,63,66
2026-04-04 11:53:30,11808841,43333,4095447,18113,15097,63,66
2026-04-04 11:53:31,11850856,42015,4110013,18179,14632,62,66
2026-04-04 11:53:32,11893162,42306,4124738,18237,14783,59,66
2026-04-04 11:53:34,11935657,42495,4139521,18296,14842,65,67
2026-04-04 11:53:35,11977823,42166,4154172,18363,14718,56,66
2026-04-04 11:53:36,12020878,43055,4169081,18422,14968,61,66
2026-04-04 11:53:37,12061862,40984,4183303,18482,14282,66,66
2026-04-04 11:53:38,12099490,37628,4196355,18540,13110,66,66
2026-04-04 11:53:39,12139094,39604,4210040,18602,13747,55,66
2026-04-04 11:53:40,12182632,43538,4225123,18677,15158,62,66
2026-04-04 11:53:41,12226604,43972,4240394,18739,15333,62,66
2026-04-04 11:53:42,12270909,44305,4255768,18805,15440,60,66
2026-04-04 11:53:43,12313556,42647,4270560,18875,14862,59,66
2026-04-04 11:53:44,12357406,43850,4285767,18932,15264,65,66
2026-04-04 11:53:46,12401537,44131,4301076,19013,15390,61,66
2026-04-04 11:53:47,12445413,43876,4316325,19079,15315,62,66
2026-04-04 11:53:48,12490469,45056,4331922,19145,15663,66,66
2026-04-04 11:53:49,12536034,45565,4347698,19225,15856,63,66
2026-04-04 11:53:50,12577565,41531,4362127,19289,14493,66,66
2026-04-04 11:53:51,12617736,40171,4376103,19351,14038,66,66
2026-04-04 11:53:52,12661345,43609,4391176,19419,15141,66,66
2026-04-04 11:53:53,12706614,45269,4406896,19486,15787,59,66
2026-04-04 11:53:54,12751595,44981,4422487,19546,15651,64,66
2026-04-04 11:53:55,12796422,44827,4438007,19638,15612,63,66
2026-04-04 11:53:56,12840986,44564,4453427,19712,15494,66,66
2026-04-04 11:53:57,12885195,44209,4468765,19775,15401,66,66
2026-04-04 11:53:59,12929677,44482,4484188,19846,15494,62,66
2026-04-04 11:54:00,12972775,43098,4499143,19912,15021,59,66
2026-04-04 11:54:01,13016418,43643,4514252,19968,15165,58,66
2026-04-04 11:54:02,13058395,41977,4528856,20034,14670,66,66
2026-04-04 11:54:03,13098654,40259,4542816,20115,14041,66,66
2026-04-04 11:54:04,13141226,42572,4557510,20187,14766,61,66
2026-04-04 11:54:05,13185709,44483,4572914,20262,15479,59,66
2026-04-04 11:54:06,13229148,43439,4587946,20336,15106,62,66
2026-04-04 11:54:07,13273389,44241,4603315,20384,15417,64,66
2026-04-04 11:54:08,13317023,43634,4618465,20447,15213,62,66
2026-04-04 11:54:09,13361416,44393,4633888,20512,15488,55,66
2026-04-04 11:54:11,13405676,44260,4649233,20582,15415,63,66
2026-04-04 11:54:12,13449464,43788,4664438,20652,15275,63,66
2026-04-04 11:54:13,13493897,44433,4679864,20733,15507,62,66
2026-04-04 11:54:14,13537054,43157,4694901,20791,15095,65,66
2026-04-04 11:54:15,13576527,39473,4708618,20845,13771,66,66
2026-04-04 11:54:16,13615576,39049,4722143,20900,13580,66,66
2026-04-04 11:54:17,13654280,38704,4735528,20966,13451,60,66
2026-04-04 11:54:18,13696641,42361,4750191,21026,14723,65,66
2026-04-04 11:54:19,13741279,44638,4765641,21086,15510,60,66
2026-04-04 11:54:20,13785526,44247,4780988,21157,15418,64,66
2026-04-04 11:54:21,13829842,44316,4796339,21236,15430,63,66
2026-04-04 11:54:22,13872690,42848,4811229,21308,14962,63,66
2026-04-04 11:54:24,13916320,43630,4826318,21380,15161,63,66
2026-04-04 11:54:25,13960308,43988,4841570,21443,15315,60,66
2026-04-04 11:54:26,14004306,43998,4856861,21504,15352,66,66
2026-04-04 11:54:27,14047078,42772,4871724,21571,14930,66,67
2026-04-04 11:54:28,14087384,40306,4885712,21628,14045,66,66
2026-04-04 11:54:29,14127008,39624,4899475,21671,13806,66,66
2026-04-04 11:54:30,14170477,43469,4914505,21737,15096,63,66
2026-04-04 11:54:31,14211987,41510,4928905,21803,14466,56,66
2026-04-04 11:54:32,14255037,43050,4943822,21872,14986,65,66
2026-04-04 11:54:33,14297704,42667,4958612,21944,14862,65,66
2026-04-04 11:54:34,14340861,43157,4973603,22007,15054,63,66
2026-04-04 11:54:36,14384687,43826,4988761,22084,15235,64,66
2026-04-04 11:54:37,14426953,42266,5003467,22140,14762,57,66
2026-04-04 11:54:38,14470377,43424,5018546,22196,15135,65,66
2026-04-04 11:54:39,14513814,43437,5033633,22261,15152,62,67
2026-04-04 11:54:40,14552755,38941,5047184,22318,13608,66,66
2026-04-04 11:54:41,14592928,40173,5061080,22380,13958,66,66
2026-04-04 11:54:42,14633612,40684,5075185,22429,14154,62,66
2026-04-04 11:54:43,14677768,44156,5090459,22493,15338,60,66
2026-04-04 11:54:44,14720374,42606,5105263,22547,14858,53,66
2026-04-04 11:54:45,14763604,43230,5120289,22612,15091,56,66
2026-04-04 11:54:46,14807335,43731,5135463,22676,15238,64,66
2026-04-04 11:54:47,14848682,41347,5149858,22738,14457,57,66
2026-04-04 11:54:49,14892163,43481,5164884,22815,15103,59,66
2026-04-04 11:54:50,14933895,41732,5179330,22889,14520,66,66
2026-04-04 11:54:51,14976813,42918,5194225,22956,14962,64,66
2026-04-04 11:54:52,15017454,40641,5208368,23023,14210,66,66
2026-04-04 11:54:53,15055376,37922,5221524,23086,13219,66,66
2026-04-04 11:54:54,15093957,38581,5234924,23141,13455,66,66
2026-04-04 11:54:55,15134919,40962,5249096,23203,14234,64,66
2026-04-04 11:54:56,15179149,44230,5264436,23278,15415,61,66
2026-04-04 11:54:57,15222949,43800,5279624,23347,15257,58,66
2026-04-04 11:54:58,15266921,43972,5294931,23401,15361,62,66
2026-04-04 11:54:59,15310906,43985,5310224,23465,15357,64,66
2026-04-04 11:55:01,15355374,44468,5325610,23533,15454,60,66
2026-04-04 11:55:02,15399468,44094,5340873,23587,15317,62,66
2026-04-04 11:55:03,15443925,44457,5356269,23644,15453,64,66
2026-04-04 11:55:04,15486675,42750,5371084,23723,14894,54,66
2026-04-04 11:55:05,15525597,38922,5384655,23780,13628,66,67
2026-04-04 11:55:06,15564586,38989,5398183,23841,13589,66,66
2026-04-04 11:55:07,15606360,41774,5412623,23916,14515,65,66
2026-04-04 11:55:08,15650665,44305,5427991,23984,15436,66,66
2026-04-04 11:55:09,15695186,44521,5443415,24070,15510,66,66
2026-04-04 11:55:10,15738938,43752,5458583,24140,15238,61,66
2026-04-04 11:55:11,15783016,44078,5473886,24204,15367,66,66
2026-04-04 11:55:12,15827411,44395,5489275,24268,15453,62,66
2026-04-04 11:55:14,15872064,44653,5504780,24335,15572,61,66
2026-04-04 11:55:15,15915880,43816,5520005,24383,15273,63,66
2026-04-04 11:55:16,15959808,43928,5535236,24461,15309,61,66
2026-04-04 11:55:17,16002125,42317,5549959,24534,14796,66,67
2026-04-04 11:55:18,16041930,39805,5563767,24600,13874,66,66
2026-04-04 11:55:19,16081599,39669,5577531,24657,13821,66,66
2026-04-04 11:55:20,16124205,42606,5592256,24718,14786,64,66
2026-04-04 11:55:21,16168132,43927,5607518,24778,15322,62,66
2026-04-04 11:55:22,16211716,43584,5622620,24861,15185,57,66
2026-04-04 11:55:23,16256428,44712,5638101,24931,15551,57,66
2026-04-04 11:55:24,16300854,44426,5653506,24984,15458,64,66
2026-04-04 11:55:26,16344517,43663,5668668,25051,15229,61,66
2026-04-04 11:55:27,16388258,43741,5683840,25125,15246,57,66
2026-04-04 11:55:28,16431734,43476,5698919,25200,15154,66,66
2026-04-04 11:55:29,16475515,43781,5714138,25267,15286,62,67
2026-04-04 11:55:30,16515782,40267,5728133,25337,14065,66,66
2026-04-04 11:55:31,16556157,40375,5742129,25400,14059,66,66
2026-04-04 11:55:32,16598587,42430,5756826,25457,14754,56,66
2026-04-04 11:55:33,16642529,43942,5772049,25533,15299,64,66
2026-04-04 11:55:34,16686016,43487,5787145,25593,15156,62,66
2026-04-04 11:55:35,16730862,44846,5802711,25653,15626,63,66
2026-04-04 11:55:36,16772100,41238,5817047,25719,14402,58,66
2026-04-04 11:55:37,16815561,43461,5832130,25769,15133,65,66
2026-04-04 11:55:39,16858991,43430,5847164,25837,15102,66,66
2026-04-04 11:55:40,16901666,42675,5861987,25888,14874,61,66
2026-04-04 11:55:41,16945132,43466,5877082,25950,15157,61,67
2026-04-04 11:55:42,16986736,41604,5891590,26005,14563,66,66
2026-04-04 11:55:43,17025829,39093,5905170,26050,13625,66,66
2026-04-04 11:55:44,17064438,38609,5918554,26112,13446,66,66
2026-04-04 11:55:45,17107662,43224,5933497,26187,15018,62,66
2026-04-04 11:55:46,17151313,43651,5948630,26266,15212,66,66
2026-04-04 11:55:47,17194835,43522,5963729,26329,15162,64,66
2026-04-04 11:55:48,17238375,43540,5978804,26398,15144,60,66
2026-04-04 11:55:49,17281314,42939,5993720,26460,14978,66,66
2026-04-04 11:55:51,17324824,43510,6008824,26526,15170,65,66
2026-04-04 11:55:52,17368407,43583,6023917,26610,15177,51,66
2026-04-04 11:55:53,17411771,43364,6038964,26674,15111,59,66
2026-04-04 11:55:54,17455054,43283,6053968,26743,15073,59,66
2026-04-04 11:55:55,17494561,39507,6067690,26793,13772,66,67
2026-04-04 11:55:56,17532789,38228,6080985,26842,13344,66,66
2026-04-04 11:55:57,17575711,42922,6095844,26918,14935,66,66
2026-04-04 11:55:58,17620099,44388,6111200,26989,15427,64,66
2026-04-04 11:55:59,17663272,43173,6126216,27056,15083,58,66
2026-04-04 11:56:00,17707127,43855,6141438,27115,15281,66,66
2026-04-04 11:56:01,17751042,43915,6156644,27163,15254,63,66
2026-04-04 11:56:02,17794819,43777,6171830,27230,15253,65,66
2026-04-04 11:56:04,17838839,44020,6187049,27314,15303,60,66
2026-04-04 11:56:05,17882814,43975,6202280,27404,15321,60,66
2026-04-04 11:56:06,17926349,43535,6217388,27463,15167,65,66
2026-04-04 11:56:07,17968342,41993,6232007,27522,14678,66,67
2026-04-04 11:56:08,18008532,40190,6245966,27572,14009,66,66
2026-04-04 11:56:09,18050423,41891,6260426,27635,14523,63,66
2026-04-04 11:56:10,18093679,43256,6275405,27695,15039,60,66
2026-04-04 11:56:11,18136426,42747,6290218,27770,14888,60,66
2026-04-04 11:56:12,18180139,43713,6305394,27838,15244,59,66
2026-04-04 11:56:13,18223528,43389,6320447,27920,15135,66,66
2026-04-04 11:56:14,18268509,44981,6336057,27987,15677,63,66
2026-04-04 11:56:16,18312507,43998,6351360,28053,15369,62,66
2026-04-04 11:56:17,18358281,45774,6367205,28128,15920,66,66
2026-04-04 11:56:18,18402045,43764,6382395,28187,15249,57,66
2026-04-04 11:56:19,18444251,42206,6397060,28261,14739,66,67
2026-04-04 11:56:20,18484570,40319,6411007,28326,14012,66,66
2026-04-04 11:56:21,18527467,42897,6425825,28406,14898,56,66
2026-04-04 11:56:22,18571440,43973,6441096,28472,15337,65,66
2026-04-04 11:56:23,18615221,43781,6456318,28536,15286,57,66
2026-04-04 11:56:24,18659094,43873,6471529,28596,15271,60,66
2026-04-04 11:56:25,18703321,44227,6486862,28658,15395,62,66
2026-04-04 11:56:26,18746847,43526,6501962,28723,15165,64,66
2026-04-04 11:56:28,18789494,42647,6516757,28779,14851,65,66
2026-04-04 11:56:29,18832756,43262,6531759,28845,15068,61,66
2026-04-04 11:56:30,18877166,44410,6547150,28917,15463,63,66
2026-04-04 11:56:31,18920026,42860,6562059,28989,14981,66,67
2026-04-04 11:56:32,18960201,40175,6575986,29045,13983,66,66
2026-04-04 11:56:33,19001335,41134,6590232,29118,14319,60,66
2026-04-04 11:56:34,19045741,44406,6605627,29184,15461,66,66
2026-04-04 11:56:35,19089199,43458,6620717,29249,15155,66,66
2026-04-04 11:56:36,19133303,44104,6636022,29312,15368,59,66
2026-04-04 11:56:37,19177683,44380,6651411,29385,15462,66,66
2026-04-04 11:56:38,19220987,43304,6666488,29448,15140,63,66
2026-04-04 11:56:40,19265882,44895,6682027,29513,15604,65,66
2026-04-04 11:56:41,19309557,43675,6697209,29576,15245,63,66
2026-04-04 11:56:42,19352761,43204,6712203,29643,15061,57,66
2026-04-04 11:56:43,19396022,43261,6727260,29692,15106,66,67
2026-04-04 11:56:44,19434708,38686,6740673,29758,13479,66,66
2026-04-04 11:56:45,19473115,38407,6754020,29807,13396,66,66
2026-04-04 11:56:46,19514149,41034,6768220,29878,14271,61,66
2026-04-04 11:56:47,19558705,44556,6783671,29957,15530,53,66
2026-04-04 11:56:48,19602571,43866,6798902,30013,15287,65,66
2026-04-04 11:56:49,19646366,43795,6814084,30090,15259,63,66
2026-04-04 11:56:50,19691093,44727,6829609,30154,15589,62,66
2026-04-04 11:56:52,19734980,43887,6844846,30223,15306,59,66
2026-04-04 11:56:53,19779098,44118,6860182,30288,15401,62,66
2026-04-04 11:56:54,19823083,43985,6875443,30358,15331,60,66
2026-04-04 11:56:55,19867769,44686,6890931,30419,15549,63,67
2026-04-04 11:56:56,19908248,40479,6905020,30484,14154,66,66
2026-04-04 11:56:57,19949420,41172,6919270,30544,14310,64,66
2026-04-04 11:56:58,19994329,44909,6934788,30628,15602,60,66
2026-04-04 11:56:59,20038464,44135,6950115,30685,15384,63,66
2026-04-04 11:57:00,20081996,43532,6965189,30745,15134,64,66
2026-04-04 11:57:01,20125102,43106,6980148,30799,15013,64,66
2026-04-04 11:57:02,20169320,44218,6995474,30870,15397,65,66
2026-04-04 11:57:04,20212036,42716,7010281,30947,14884,59,66
2026-04-04 11:57:05,20256310,44274,7025643,31023,15438,64,66
2026-04-04 11:57:06,20300564,44254,7040981,31098,15413,60,66
2026-04-04 11:57:07,20344578,44014,7056264,31167,15352,65,67
2026-04-04 11:57:08,20386460,41882,7070813,31226,14608,66,66
2026-04-04 11:57:09,20427000,40540,7084857,31280,14098,65,66
2026-04-04 11:57:10,20471237,44237,7100185,31358,15406,62,66
2026-04-04 11:57:11,20514664,43427,7115265,31421,15143,59,66
2026-04-04 11:57:12,20559829,45165,7130909,31497,15720,66,66
2026-04-04 11:57:13,20604040,44211,7146257,31561,15412,63,66
2026-04-04 11:57:14,20647655,43615,7161412,31630,15224,66,66
2026-04-04 11:57:15,20692916,45261,7177068,31705,15731,62,66
2026-04-04 11:57:17,20738001,45085,7192691,31768,15686,64,66
2026-04-04 11:57:18,20782149,44148,7207988,31838,15367,65,66
2026-04-04 11:57:19,20825659,43510,7223139,31891,15204,51,66
2026-04-04 11:57:20,20867092,41433,7237537,31958,14465,66,66
2026-04-04 11:57:21,20905828,38736,7250987,32018,13510,66,66
2026-04-04 11:57:22,20947343,41515,7265346,32083,14424,63,66
2026-04-04 11:57:23,20991226,43883,7280617,32155,15343,63,66
2026-04-04 11:57:24,21035987,44761,7296165,32227,15620,66,66
2026-04-04 11:57:25,21081033,45046,7311753,32293,15654,62,66
2026-04-04 11:57:26,21125385,44352,7327195,32348,15497,64,66
2026-04-04 11:57:27,21169796,44411,7342610,32411,15478,65,66
2026-04-04 11:57:29,21214061,44265,7357967,32474,15420,50,66
2026-04-04 11:57:30,21257907,43846,7373146,32544,15249,56,66
2026-04-04 11:57:31,21302977,45070,7388746,32611,15667,62,67
2026-04-04 11:57:32,21346200,43223,7403778,32659,15080,66,66
2026-04-04 11:57:33,21386187,39987,7417686,32718,13967,66,66
2026-04-04 11:57:34,21430143,43956,7432914,32782,15292,65,66
2026-04-04 11:57:35,21474946,44803,7448453,32846,15603,62,66
2026-04-04 11:57:36,21519110,44164,7463773,32917,15391,64,66
2026-04-04 11:57:37,21564065,44955,7479371,32982,15663,62,66
2026-04-04 11:57:38,21606816,42751,7494174,33059,14880,66,66
2026-04-04 11:57:39,21651316,44500,7509659,33122,15548,62,66
2026-04-04 11:57:41,21696092,44776,7525185,33203,15607,66,66
2026-04-04 11:57:42,21741258,45166,7540834,33264,15710,60,66
2026-04-04 11:57:43,21786521,45263,7556540,33331,15773,61,67
2026-04-04 11:57:44,21831079,44558,7572023,33399,15551,66,66
2026-04-04 11:57:45,21872303,41224,7586342,33456,14376,66,66
2026-04-04 11:57:46,21915153,42850,7601146,33513,14861,66,66
2026-04-04 11:57:47,21960364,45211,7616819,33582,15742,62,66
2026-04-04 11:57:48,22005333,44969,7632387,33656,15642,63,66
2026-04-04 11:57:49,22050234,44901,7647913,33718,15588,60,66
2026-04-04 11:57:50,22094349,44115,7663263,33775,15407,55,66
2026-04-04 11:57:51,22138701,44352,7678636,33834,15432,62,66
2026-04-04 11:57:53,22183475,44774,7694143,33903,15576,63,66
2026-04-04 11:57:54,22228076,44601,7709626,33961,15541,63,66
2026-04-04 11:57:55,22272137,44061,7724907,34024,15344,60,67
2026-04-04 11:57:56,22315927,43790,7740147,34082,15298,59,66
2026-04-04 11:57:57,22355513,39586,7753909,34138,13818,66,66
2026-04-04 11:57:58,22397818,42305,7768520,34201,14674,61,66
2026-04-04 11:57:59,22442334,44516,7783951,34279,15509,60,66
2026-04-04 11:58:00,22487444,45110,7799616,34339,15725,58,66
2026-04-04 11:58:01,22532409,44965,7815180,34422,15647,66,66
2026-04-04 11:58:02,22576607,44198,7830537,34483,15418,56,66
2026-04-04 11:58:03,22620104,43497,7845637,34554,15171,59,66
2026-04-04 11:58:05,22664124,44020,7860938,34623,15370,62,66
2026-04-04 11:58:06,22707945,43821,7876141,34686,15266,46,66
2026-04-04 11:58:07,22751265,43320,7891202,34744,15119,60,67
2026-04-04 11:58:08,22796452,45187,7906874,34816,15744,58,66
2026-04-04 11:58:09,22838862,42410,7921627,34876,14813,66,66
2026-04-04 11:58:10,22879981,41119,7935875,34945,14317,66,66
2026-04-04 11:58:11,22922162,42181,7950484,35004,14668,66,66
2026-04-04 11:58:12,22966401,44239,7965828,35070,15410,65,66
2026-04-04 11:58:13,23009282,42881,7980718,35136,14956,60,66
2026-04-04 11:58:14,23052819,43537,7995794,35217,15157,60,66
2026-04-04 11:58:15,23097394,44575,8011275,35279,15543,55,66
2026-04-04 11:58:16,23141659,44265,8026620,35357,15423,66,66
2026-04-04 11:58:18,23187249,45590,8042414,35416,15853,63,66
2026-04-04 11:58:19,23231693,44444,8057852,35476,15498,66,67
2026-04-04 11:58:20,23277311,45618,8073638,35567,15877,56,66
2026-04-04 11:58:21,23321548,44237,8089017,35627,15439,66,66
2026-04-04 11:58:22,23361886,40338,8103006,35682,14044,66,66
2026-04-04 11:58:23,23404408,42522,8117699,35761,14772,56,66
2026-04-04 11:58:24,23449450,45042,8133287,35838,15665,66,66
2026-04-04 11:58:25,23494063,44613,8148741,35912,15528,65,66
2026-04-04 11:58:26,23538863,44800,8164270,35971,15588,64,66
2026-04-04 11:58:27,23584155,45292,8179975,36049,15783,64,66
2026-04-04 11:58:28,23628550,44395,8195378,36123,15477,61,66
2026-04-04 11:58:30,23672394,43844,8210552,36198,15249,63,66
2026-04-04 11:58:31,23715985,43591,8225670,36274,15194,61,67
2026-04-04 11:58:32,23758749,42764,8240521,36346,14923,63,66
2026-04-04 11:58:33,23801967,43218,8255590,36414,15137,66,66
2026-04-04 11:58:34,23842072,40105,8269518,36474,13988,66,66
2026-04-04 11:58:35,23883987,41915,8284029,36526,14563,66,66
2026-04-04 11:58:36,23928264,44277,8299381,36596,15422,66,66
2026-04-04 11:58:37,23972999,44735,8314873,36671,15567,64,66
2026-04-04 11:58:38,24017619,44620,8330356,36746,15558,63,66
2026-04-04 11:58:39,24061602,43983,8345603,36808,15309,65,66
2026-04-04 11:58:40,24105605,44003,8360862,36877,15328,64,66
2026-04-04 11:58:42,24149782,44177,8376188,36935,15384,66,66
2026-04-04 11:58:43,24193234,43452,8391273,36997,15147,65,66
2026-04-04 11:58:44,24237855,44621,8406738,37062,15530,64,66
2026-04-04 11:58:45,24283391,45536,8422479,37121,15800,64,66
2026-04-04 11:58:46,24324762,41371,8436861,37182,14443,66,66
2026-04-04 11:58:47,24365860,41098,8451078,37231,14266,62,66
2026-04-04 11:58:48,24410871,45011,8466678,37312,15681,56,66
2026-04-04 11:58:49,24453846,42975,8481620,37376,15006,58,66
2026-04-04 11:58:50,24497473,43627,8496731,37444,15179,62,66
2026-04-04 11:58:51,24542281,44808,8512278,37532,15635,60,66
2026-04-04 11:58:52,24586476,44195,8527625,37592,15407,63,66
2026-04-04 11:58:54,24630838,44362,8543003,37666,15452,60,66
2026-04-04 11:58:55,24675121,44283,8558355,37740,15426,61,66
2026-04-04 11:58:56,24719330,44209,8573695,37805,15405,66,66
2026-04-04 11:58:57,24763698,44368,8589063,37866,15429,65,66
2026-04-04 11:58:58,24804515,40817,8603264,37931,14266,66,66
2026-04-04 11:58:59,24845125,40610,8617320,38007,14132,66,66
2026-04-04 11:59:00,24889932,44807,8632805,38065,15543,54,66
2026-04-04 11:59:01,24934708,44776,8648336,38130,15596,59,66
2026-04-04 11:59:02,24979928,45220,8664010,38201,15745,57,66
2026-04-04 11:59:03,25025264,45336,8679690,38287,15766,65,66
2026-04-04 11:59:04,25069982,44718,8695199,38355,15577,64,66
2026-04-04 11:59:05,25113958,43976,8710415,38442,15303,65,66
2026-04-04 11:59:07,25157942,43984,8725683,38508,15334,64,66
2026-04-04 11:59:08,25202309,44367,8741073,38568,15450,62,66
2026-04-04 11:59:09,25245852,43543,8756165,38621,15145,62,67
2026-04-04 11:59:10,25289169,43317,8771204,38695,15113,66,66
2026-04-04 11:59:11,25329129,39960,8785099,38757,13957,66,66
2026-04-04 11:59:12,25373289,44160,8800368,38839,15351,64,66
2026-04-04 11:59:13,25418716,45427,8816095,38922,15810,62,66
2026-04-04 11:59:14,25463569,44853,8831682,38987,15652,63,66
2026-04-04 11:59:15,25508068,44499,8847143,39043,15517,60,66
2026-04-04 11:59:16,25552946,44878,8862692,39107,15613,62,66
2026-04-04 11:59:17,25596926,43980,8877951,39169,15321,65,66
2026-04-04 11:59:19,25641598,44672,8893478,39244,15602,64,66
2026-04-04 11:59:20,25686248,44650,8908989,39308,15575,60,66
2026-04-04 11:59:21,25731635,45387,8924769,39366,15838,62,67
2026-04-04 11:59:22,25775074,43439,8939885,39445,15195,66,66
2026-04-04 11:59:23,25816022,40948,8954087,39506,14263,66,66
2026-04-04 11:59:24,25859467,43445,8969083,39574,15064,65,66
2026-04-04 11:59:25,25903670,44203,8984432,39650,15425,59,66
2026-04-04 11:59:26,25949041,45371,9000129,39729,15776,62,66
2026-04-04 11:59:27,25994103,45062,9015721,39794,15657,66,66
2026-04-04 11:59:28,26039890,45787,9031636,39878,15999,47,66
